Blue Bottle Seattle,47.5809,-122.3160
Blue Bottle SF,37.5209,-122.3340
Blue Bottle Moscow,55.752047,37.595242
Blue Bottle Seattle2,47.5869,-122.3368
Blue Bottle Rio De Janeiro,-22.923489,-43.234418
Blue Bottle Sydney,-33.871843,151.206767